:ID,:LABEL,METHOD_FULL_NAME:string,NAME:string,SIGNATURE:string
21474836480,BINDING,<empty>,,
21474836481,BINDING,<empty>,,
21474836482,BINDING,<empty>,,
21474836483,BINDING,<empty>,,
21474836484,BINDING,<empty>,,
21474836485,BINDING,<empty>,,
21474836486,BINDING,<empty>,,
21474836487,BINDING,<empty>,,
21474836488,BINDING,<empty>,,
21474836489,BINDING,<empty>,,
21474836490,BINDING,<empty>,,
21474836491,BINDING,<empty>,,
21474836492,BINDING,<empty>,,
21474836493,BINDING,<empty>,,
21474836494,BINDING,<empty>,,
21474836495,BINDING,<empty>,,
21474836496,BINDING,<empty>,,
21474836497,BINDING,<empty>,,
21474836498,BINDING,<empty>,,
21474836499,BINDING,<empty>,,
21474836500,BINDING,<empty>,,
21474836501,BINDING,<empty>,,
21474836502,BINDING,<empty>,,
21474836503,BINDING,<empty>,,
21474836504,BINDING,<empty>,,
21474836505,BINDING,<empty>,,
21474836506,BINDING,<empty>,,
21474836507,BINDING,<empty>,,
21474836508,BINDING,<empty>,,
21474836509,BINDING,<empty>,,
21474836510,BINDING,<empty>,,
21474836511,BINDING,<empty>,,
21474836512,BINDING,<empty>,,
21474836513,BINDING,<empty>,,
21474836514,BINDING,<empty>,,
21474836515,BINDING,<empty>,,
21474836516,BINDING,<empty>,,
21474836517,BINDING,<empty>,,
21474836518,BINDING,<empty>,,
21474836519,BINDING,<empty>,,
21474836520,BINDING,<empty>,,
21474836521,BINDING,<empty>,,
21474836522,BINDING,<empty>,,
21474836523,BINDING,<empty>,,
21474836524,BINDING,<empty>,,
21474836525,BINDING,<empty>,,
21474836526,BINDING,<empty>,,
21474836527,BINDING,<empty>,,
21474836528,BINDING,<empty>,,
21474836529,BINDING,<empty>,,
21474836530,BINDING,<empty>,,
21474836531,BINDING,<empty>,,
21474836532,BINDING,<empty>,,
21474836533,BINDING,<empty>,,
21474836534,BINDING,<empty>,,
21474836535,BINDING,<empty>,,
21474836536,BINDING,<empty>,,
21474836537,BINDING,<empty>,,
21474836538,BINDING,<empty>,,
21474836539,BINDING,<empty>,,
21474836540,BINDING,<empty>,,
21474836541,BINDING,<empty>,,
21474836542,BINDING,<empty>,,
21474836543,BINDING,<empty>,,
21474836544,BINDING,<empty>,,
21474836545,BINDING,<empty>,,
21474836546,BINDING,<empty>,,
21474836547,BINDING,<empty>,,
21474836548,BINDING,<empty>,,
21474836549,BINDING,<empty>,,
21474836550,BINDING,<empty>,,
21474836551,BINDING,<empty>,,
21474836552,BINDING,<empty>,,
21474836553,BINDING,<empty>,,
21474836554,BINDING,<empty>,,
21474836555,BINDING,<empty>,,
21474836556,BINDING,<empty>,,
21474836557,BINDING,<empty>,,
21474836558,BINDING,<empty>,,
21474836559,BINDING,<empty>,,
21474836560,BINDING,<empty>,,
21474836561,BINDING,<empty>,,
21474836562,BINDING,<empty>,,
21474836563,BINDING,<empty>,,
21474836564,BINDING,<empty>,,
21474836565,BINDING,<empty>,,
21474836566,BINDING,<empty>,,
21474836567,BINDING,<empty>,,
21474836568,BINDING,<empty>,,
21474836569,BINDING,<empty>,,
21474836570,BINDING,<empty>,,
21474836571,BINDING,<empty>,,
21474836572,BINDING,<empty>,,
21474836573,BINDING,<empty>,,
21474836574,BINDING,<empty>,,
21474836575,BINDING,<empty>,,
21474836576,BINDING,<empty>,,
21474836577,BINDING,<empty>,,
21474836578,BINDING,<empty>,,
21474836579,BINDING,<empty>,,
21474836580,BINDING,<empty>,,
21474836581,BINDING,<empty>,,
21474836582,BINDING,<empty>,,
21474836583,BINDING,<empty>,,
21474836584,BINDING,<empty>,,
21474836585,BINDING,<empty>,,
21474836586,BINDING,<empty>,,
21474836587,BINDING,<empty>,,
21474836588,BINDING,<empty>,,
21474836589,BINDING,<empty>,,
21474836590,BINDING,<empty>,,
21474836591,BINDING,<empty>,,
21474836592,BINDING,<empty>,,
21474836593,BINDING,<empty>,,
21474836594,BINDING,<empty>,,
21474836595,BINDING,<empty>,,
21474836596,BINDING,<empty>,,
21474836597,BINDING,<empty>,,
21474836598,BINDING,<empty>,,
21474836599,BINDING,<empty>,,
21474836600,BINDING,<empty>,,
21474836601,BINDING,<empty>,,
21474836602,BINDING,<empty>,,
21474836603,BINDING,<empty>,,
21474836604,BINDING,<empty>,,
21474836605,BINDING,<empty>,,
21474836606,BINDING,<empty>,,
21474836607,BINDING,<empty>,,
21474836608,BINDING,<empty>,,
21474836609,BINDING,<empty>,,
21474836610,BINDING,<empty>,,
21474836611,BINDING,<empty>,,
21474836612,BINDING,<empty>,,
21474836613,BINDING,<empty>,,
21474836614,BINDING,<empty>,,
21474836615,BINDING,<empty>,,
21474836616,BINDING,<empty>,,
21474836617,BINDING,<empty>,,
21474836618,BINDING,<empty>,,
21474836619,BINDING,<empty>,,
21474836620,BINDING,<empty>,,
21474836621,BINDING,<empty>,,
21474836622,BINDING,<empty>,,
21474836623,BINDING,<empty>,,
21474836624,BINDING,<empty>,,
21474836625,BINDING,<empty>,,
21474836626,BINDING,<empty>,,
21474836627,BINDING,<empty>,,
21474836628,BINDING,<empty>,,
21474836629,BINDING,<empty>,,
21474836630,BINDING,<empty>,,
21474836631,BINDING,<empty>,,
21474836632,BINDING,<empty>,,
21474836633,BINDING,<empty>,,
21474836634,BINDING,<empty>,,
21474836635,BINDING,<empty>,,
21474836636,BINDING,<empty>,,
21474836637,BINDING,<empty>,,
21474836638,BINDING,<empty>,,
21474836639,BINDING,<empty>,,
21474836640,BINDING,<empty>,,
21474836641,BINDING,<empty>,,
21474836642,BINDING,<empty>,,
21474836643,BINDING,<empty>,,
21474836644,BINDING,<empty>,,
21474836645,BINDING,<empty>,,
21474836646,BINDING,<empty>,,
21474836647,BINDING,<empty>,,
21474836648,BINDING,<empty>,,
21474836649,BINDING,<empty>,,
21474836650,BINDING,<empty>,,
21474836651,BINDING,<empty>,,
21474836652,BINDING,<empty>,,
21474836653,BINDING,<empty>,,
21474836654,BINDING,<empty>,,
21474836655,BINDING,<empty>,,
21474836656,BINDING,<empty>,,
21474836657,BINDING,<empty>,,
21474836658,BINDING,<empty>,,
21474836659,BINDING,<empty>,,
21474836660,BINDING,<empty>,,
21474836661,BINDING,<empty>,,
21474836662,BINDING,<empty>,,
21474836663,BINDING,<empty>,,
21474836664,BINDING,<empty>,,
21474836665,BINDING,<empty>,,
21474836666,BINDING,<empty>,,
21474836667,BINDING,<empty>,,
21474836668,BINDING,<empty>,,
21474836669,BINDING,<empty>,,
21474836670,BINDING,<empty>,,
21474836671,BINDING,<empty>,,
21474836672,BINDING,<empty>,,
21474836673,BINDING,<empty>,,
21474836674,BINDING,<empty>,,
21474836675,BINDING,<empty>,,
21474836676,BINDING,<empty>,,
21474836677,BINDING,<empty>,,
21474836678,BINDING,<empty>,,
21474836679,BINDING,<empty>,,
21474836680,BINDING,<empty>,,
21474836681,BINDING,<empty>,,
21474836682,BINDING,<empty>,,
21474836683,BINDING,<empty>,,
21474836684,BINDING,<empty>,,
21474836685,BINDING,<empty>,,
21474836686,BINDING,<empty>,,
21474836687,BINDING,<empty>,,
21474836688,BINDING,<empty>,,
21474836689,BINDING,<empty>,,
21474836690,BINDING,<empty>,,
21474836691,BINDING,<empty>,,
21474836692,BINDING,<empty>,,
21474836693,BINDING,<empty>,,
21474836694,BINDING,<empty>,,
21474836695,BINDING,<empty>,,
21474836696,BINDING,<empty>,,
21474836697,BINDING,<empty>,,
21474836698,BINDING,<empty>,,
21474836699,BINDING,<empty>,,
21474836700,BINDING,<empty>,,
21474836701,BINDING,<empty>,,
21474836702,BINDING,<empty>,,
21474836703,BINDING,<empty>,,
21474836704,BINDING,<empty>,,
21474836705,BINDING,<empty>,,
21474836706,BINDING,<empty>,,
21474836707,BINDING,<empty>,,
21474836708,BINDING,<empty>,,
21474836709,BINDING,<empty>,,
21474836710,BINDING,<empty>,,
21474836711,BINDING,<empty>,,
21474836712,BINDING,<empty>,,
21474836713,BINDING,<empty>,,
21474836714,BINDING,<empty>,,
21474836715,BINDING,<empty>,,
21474836716,BINDING,<empty>,,
21474836717,BINDING,<empty>,,
21474836718,BINDING,<empty>,,
21474836719,BINDING,<empty>,,
21474836720,BINDING,<empty>,,
21474836721,BINDING,<empty>,,
21474836722,BINDING,<empty>,,
21474836723,BINDING,<empty>,,
21474836724,BINDING,<empty>,,
21474836725,BINDING,<empty>,,
21474836726,BINDING,<empty>,,
21474836727,BINDING,<empty>,,
21474836728,BINDING,<empty>,,
21474836729,BINDING,<empty>,,
21474836730,BINDING,<empty>,,
21474836731,BINDING,<empty>,,
21474836732,BINDING,<empty>,,
21474836733,BINDING,<empty>,,
21474836734,BINDING,<empty>,,
21474836735,BINDING,<empty>,,
21474836736,BINDING,<empty>,,
21474836737,BINDING,<empty>,,
21474836738,BINDING,<empty>,,
21474836739,BINDING,<empty>,,
21474836740,BINDING,<empty>,,
21474836741,BINDING,<empty>,,
21474836742,BINDING,<empty>,,
21474836743,BINDING,<empty>,,
21474836744,BINDING,<empty>,,
21474836745,BINDING,<empty>,,
21474836746,BINDING,<empty>,,
21474836747,BINDING,<empty>,,
21474836748,BINDING,<empty>,,
21474836749,BINDING,<empty>,,
21474836750,BINDING,<empty>,,
21474836751,BINDING,<empty>,,
21474836752,BINDING,<empty>,,
21474836753,BINDING,<empty>,,
21474836754,BINDING,<empty>,,
21474836755,BINDING,<empty>,,
21474836756,BINDING,<empty>,,
21474836757,BINDING,<empty>,,
21474836758,BINDING,<empty>,,
21474836759,BINDING,<empty>,,
21474836760,BINDING,<empty>,,
21474836761,BINDING,<empty>,,
21474836762,BINDING,<empty>,,
21474836763,BINDING,<empty>,,
21474836764,BINDING,<empty>,,
21474836765,BINDING,<empty>,,
21474836766,BINDING,<empty>,,
21474836767,BINDING,<empty>,,
21474836768,BINDING,<empty>,,
21474836769,BINDING,<empty>,,
21474836770,BINDING,<empty>,,
21474836771,BINDING,<empty>,,
21474836772,BINDING,<empty>,,
21474836773,BINDING,<empty>,,
21474836774,BINDING,<empty>,,
21474836775,BINDING,<empty>,,
21474836776,BINDING,<empty>,,
21474836777,BINDING,<empty>,,
21474836778,BINDING,<empty>,,
21474836779,BINDING,<empty>,,
21474836780,BINDING,<empty>,,
21474836781,BINDING,<empty>,,
21474836782,BINDING,<empty>,,
21474836783,BINDING,<empty>,,
21474836784,BINDING,<empty>,,
21474836785,BINDING,<empty>,,
21474836786,BINDING,<empty>,,
21474836787,BINDING,<empty>,,
21474836788,BINDING,<empty>,,
21474836789,BINDING,<empty>,,
21474836790,BINDING,<empty>,,
21474836791,BINDING,<empty>,,
21474836792,BINDING,<empty>,,
21474836793,BINDING,<empty>,,
21474836794,BINDING,<empty>,,
21474836795,BINDING,<empty>,,
21474836796,BINDING,<empty>,,
21474836797,BINDING,<empty>,,
21474836798,BINDING,<empty>,,
21474836799,BINDING,<empty>,,
21474836800,BINDING,<empty>,,
21474836801,BINDING,<empty>,,
21474836802,BINDING,<empty>,,
21474836803,BINDING,<empty>,,
21474836804,BINDING,<empty>,,
21474836805,BINDING,<empty>,,
21474836806,BINDING,<empty>,,
21474836807,BINDING,<empty>,,
21474836808,BINDING,<empty>,,
21474836809,BINDING,<empty>,,
21474836810,BINDING,<empty>,,
21474836811,BINDING,<empty>,,
21474836812,BINDING,<empty>,,
21474836813,BINDING,<empty>,,
21474836814,BINDING,<empty>,,
21474836815,BINDING,<empty>,,
21474836816,BINDING,<empty>,,
21474836817,BINDING,<empty>,,
21474836818,BINDING,<empty>,,
21474836819,BINDING,<empty>,,
21474836820,BINDING,<empty>,,
21474836821,BINDING,<empty>,,
21474836822,BINDING,<empty>,,
21474836823,BINDING,<empty>,,
21474836824,BINDING,<empty>,,
21474836825,BINDING,<empty>,,
21474836826,BINDING,<empty>,,
21474836827,BINDING,<empty>,,
21474836828,BINDING,<empty>,,
21474836829,BINDING,<empty>,,
21474836830,BINDING,<empty>,,
21474836831,BINDING,<empty>,,
21474836832,BINDING,<empty>,,
21474836833,BINDING,<empty>,,
21474836834,BINDING,<empty>,,
21474836835,BINDING,<empty>,,
21474836836,BINDING,<empty>,,
21474836837,BINDING,<empty>,,
21474836838,BINDING,<empty>,,
21474836839,BINDING,<empty>,,
21474836840,BINDING,<empty>,,
21474836841,BINDING,<empty>,,
21474836842,BINDING,<empty>,,
21474836843,BINDING,<empty>,,
21474836844,BINDING,<empty>,,
21474836845,BINDING,<empty>,,
21474836846,BINDING,<empty>,,
21474836847,BINDING,<empty>,,
21474836848,BINDING,<empty>,,
21474836849,BINDING,<empty>,,
21474836850,BINDING,<empty>,,
21474836851,BINDING,<empty>,,
21474836852,BINDING,<empty>,,
21474836853,BINDING,<empty>,,
21474836854,BINDING,<empty>,,
21474836855,BINDING,<empty>,,
21474836856,BINDING,<empty>,,
21474836857,BINDING,<empty>,,
21474836858,BINDING,<empty>,,
21474836859,BINDING,<empty>,,
21474836860,BINDING,<empty>,,
21474836861,BINDING,<empty>,,
21474836862,BINDING,<empty>,,
21474836863,BINDING,<empty>,,
21474836864,BINDING,<empty>,,
21474836865,BINDING,<empty>,,
21474836866,BINDING,<empty>,,
21474836867,BINDING,<empty>,,
21474836868,BINDING,<empty>,,
21474836869,BINDING,<empty>,,
21474836870,BINDING,<empty>,,
21474836871,BINDING,<empty>,,
21474836872,BINDING,<empty>,,
21474836873,BINDING,<empty>,,
21474836874,BINDING,<empty>,,
21474836875,BINDING,<empty>,,
21474836876,BINDING,<empty>,,
21474836877,BINDING,<empty>,,
21474836878,BINDING,<empty>,,
21474836879,BINDING,<empty>,,
21474836880,BINDING,<empty>,,
21474836881,BINDING,<empty>,,
21474836882,BINDING,<empty>,,
21474836883,BINDING,<empty>,,
21474836884,BINDING,<empty>,,
21474836885,BINDING,<empty>,,
21474836886,BINDING,<empty>,,
21474836887,BINDING,<empty>,,
21474836888,BINDING,<empty>,,
21474836889,BINDING,<empty>,,
21474836890,BINDING,<empty>,,
21474836891,BINDING,<empty>,,
21474836892,BINDING,<empty>,,
21474836893,BINDING,<empty>,,
21474836894,BINDING,<empty>,,
21474836895,BINDING,<empty>,,
21474836896,BINDING,<empty>,,
21474836897,BINDING,<empty>,,
21474836898,BINDING,<empty>,,
21474836899,BINDING,<empty>,,
21474836900,BINDING,<empty>,,
21474836901,BINDING,<empty>,,
21474836902,BINDING,<empty>,,
21474836903,BINDING,<empty>,,
21474836904,BINDING,<empty>,,
21474836905,BINDING,<empty>,,
21474836906,BINDING,<empty>,,
21474836907,BINDING,<empty>,,
21474836908,BINDING,<empty>,,
21474836909,BINDING,<empty>,,
21474836910,BINDING,<empty>,,
21474836911,BINDING,<empty>,,
21474836912,BINDING,<empty>,,
21474836913,BINDING,<empty>,,
21474836914,BINDING,<empty>,,
21474836915,BINDING,<empty>,,
21474836916,BINDING,<empty>,,
21474836917,BINDING,<empty>,,
21474836918,BINDING,<empty>,,
21474836919,BINDING,<empty>,,
21474836920,BINDING,<empty>,,
21474836921,BINDING,<empty>,,
21474836922,BINDING,<empty>,,
21474836923,BINDING,<empty>,,
21474836924,BINDING,<empty>,,
21474836925,BINDING,<empty>,,
21474836926,BINDING,<empty>,,
21474836927,BINDING,<empty>,,
21474836928,BINDING,<empty>,,
21474836929,BINDING,<empty>,,
21474836930,BINDING,<empty>,,
21474836931,BINDING,<empty>,,
21474836932,BINDING,<empty>,,
21474836933,BINDING,<empty>,,
21474836934,BINDING,<empty>,,
21474836935,BINDING,<empty>,,
21474836936,BINDING,<empty>,,
21474836937,BINDING,<empty>,,
21474836938,BINDING,<empty>,,
21474836939,BINDING,<empty>,,
21474836940,BINDING,<empty>,,
21474836941,BINDING,<empty>,,
21474836942,BINDING,<empty>,,
21474836943,BINDING,<empty>,,
21474836944,BINDING,<empty>,,
21474836945,BINDING,<empty>,,
21474836946,BINDING,<empty>,,
21474836947,BINDING,<empty>,,
21474836948,BINDING,<empty>,,
21474836949,BINDING,<empty>,,
21474836950,BINDING,<empty>,,
21474836951,BINDING,<empty>,,
21474836952,BINDING,<empty>,,
21474836953,BINDING,<empty>,,
21474836954,BINDING,<empty>,,
21474836955,BINDING,<empty>,,
21474836956,BINDING,<empty>,,
21474836957,BINDING,<empty>,,
21474836958,BINDING,<empty>,,
21474836959,BINDING,<empty>,,
21474836960,BINDING,<empty>,,
21474836961,BINDING,<empty>,,
21474836962,BINDING,<empty>,,
21474836963,BINDING,<empty>,,
21474836964,BINDING,<empty>,,
21474836965,BINDING,<empty>,,
21474836966,BINDING,<empty>,,
21474836967,BINDING,<empty>,,
21474836968,BINDING,<empty>,,
21474836969,BINDING,<empty>,,
21474836970,BINDING,<empty>,,
21474836971,BINDING,<empty>,,
21474836972,BINDING,<empty>,,
21474836973,BINDING,<empty>,,
21474836974,BINDING,<empty>,,
21474836975,BINDING,<empty>,,
21474836976,BINDING,<empty>,,
21474836977,BINDING,<empty>,,
21474836978,BINDING,<empty>,,
21474836979,BINDING,<empty>,,
21474836980,BINDING,<empty>,,
21474836981,BINDING,<empty>,,
21474836982,BINDING,<empty>,,
21474836983,BINDING,<empty>,,
21474836984,BINDING,<empty>,,
21474836985,BINDING,<empty>,,
21474836986,BINDING,<empty>,,
21474836987,BINDING,<empty>,,
21474836988,BINDING,<empty>,,
21474836989,BINDING,<empty>,,
21474836990,BINDING,<empty>,,
21474836991,BINDING,<empty>,,
21474836992,BINDING,<empty>,,
21474836993,BINDING,<empty>,,
21474836994,BINDING,<empty>,,
21474836995,BINDING,<empty>,,
21474836996,BINDING,<empty>,,
21474836997,BINDING,<empty>,,
21474836998,BINDING,<empty>,,
21474836999,BINDING,<empty>,,
21474837000,BINDING,<empty>,,
21474837001,BINDING,<empty>,,
21474837002,BINDING,<empty>,,
21474837003,BINDING,<empty>,,
21474837004,BINDING,<empty>,,
21474837005,BINDING,<empty>,,
21474837006,BINDING,<empty>,,
21474837007,BINDING,<empty>,,
21474837008,BINDING,<empty>,,
21474837009,BINDING,<empty>,,
21474837010,BINDING,<empty>,,
21474837011,BINDING,<empty>,,
21474837012,BINDING,<empty>,,
21474837013,BINDING,<empty>,,
21474837014,BINDING,<empty>,,
21474837015,BINDING,<empty>,,
21474837016,BINDING,<empty>,,
21474837017,BINDING,<empty>,,
21474837018,BINDING,<empty>,,
21474837019,BINDING,<empty>,,
21474837020,BINDING,<empty>,,
21474837021,BINDING,<empty>,,
21474837022,BINDING,<empty>,,
21474837023,BINDING,<empty>,,
21474837024,BINDING,<empty>,,
21474837025,BINDING,<empty>,,
21474837026,BINDING,<empty>,,
21474837027,BINDING,<empty>,,
21474837028,BINDING,<empty>,,
21474837029,BINDING,<empty>,,
21474837030,BINDING,<empty>,,
21474837031,BINDING,<empty>,,
21474837032,BINDING,<empty>,,
21474837033,BINDING,<empty>,,
21474837034,BINDING,<empty>,,
21474837035,BINDING,<empty>,,
21474837036,BINDING,<empty>,,
21474837037,BINDING,<empty>,,
21474837038,BINDING,<empty>,,
21474837039,BINDING,<empty>,,
21474837040,BINDING,<empty>,,
21474837041,BINDING,<empty>,,
21474837042,BINDING,<empty>,,
21474837043,BINDING,<empty>,,
21474837044,BINDING,<empty>,,
21474837045,BINDING,<empty>,,
21474837046,BINDING,<empty>,,
21474837047,BINDING,<empty>,,
21474837048,BINDING,<empty>,,
21474837049,BINDING,<empty>,,
21474837050,BINDING,<empty>,,
21474837051,BINDING,<empty>,,
21474837052,BINDING,<empty>,,
21474837053,BINDING,<empty>,,
21474837054,BINDING,<empty>,,
21474837055,BINDING,<empty>,,
21474837056,BINDING,<empty>,,
21474837057,BINDING,<empty>,,
21474837058,BINDING,<empty>,,
21474837059,BINDING,<empty>,,
21474837060,BINDING,<empty>,,
21474837061,BINDING,<empty>,,
21474837062,BINDING,<empty>,,
21474837063,BINDING,<empty>,,
21474837064,BINDING,<empty>,,
21474837065,BINDING,<empty>,,
21474837066,BINDING,<empty>,,
21474837067,BINDING,<empty>,,
21474837068,BINDING,<empty>,,
21474837069,BINDING,<empty>,,
21474837070,BINDING,<empty>,,
21474837071,BINDING,<empty>,,
21474837072,BINDING,<empty>,,
21474837073,BINDING,<empty>,,
21474837074,BINDING,<empty>,,
21474837075,BINDING,<empty>,,
21474837076,BINDING,<empty>,,
21474837077,BINDING,<empty>,,
21474837078,BINDING,<empty>,,
21474837079,BINDING,<empty>,,
21474837080,BINDING,<empty>,,
21474837081,BINDING,<empty>,,
21474837082,BINDING,<empty>,,
21474837083,BINDING,<empty>,,
21474837084,BINDING,<empty>,,
21474837085,BINDING,<empty>,,
21474837086,BINDING,<empty>,,
21474837087,BINDING,<empty>,,
21474837088,BINDING,<empty>,,
21474837089,BINDING,<empty>,,
21474837090,BINDING,<empty>,,
21474837091,BINDING,<empty>,,
21474837092,BINDING,<empty>,,
21474837093,BINDING,<empty>,,
21474837094,BINDING,<empty>,,
21474837095,BINDING,<empty>,,
21474837096,BINDING,<empty>,,
21474837097,BINDING,<empty>,,
21474837098,BINDING,<empty>,,
21474837099,BINDING,<empty>,,
21474837100,BINDING,<empty>,,
21474837101,BINDING,<empty>,,
21474837102,BINDING,<empty>,,
21474837103,BINDING,<empty>,,
21474837104,BINDING,<empty>,,
21474837105,BINDING,<empty>,,
21474837106,BINDING,<empty>,,
21474837107,BINDING,<empty>,,
21474837108,BINDING,<empty>,,
21474837109,BINDING,<empty>,,
21474837110,BINDING,<empty>,,
21474837111,BINDING,<empty>,,
21474837112,BINDING,<empty>,,
21474837113,BINDING,<empty>,,
21474837114,BINDING,<empty>,,
21474837115,BINDING,<empty>,,
21474837116,BINDING,<empty>,,
21474837117,BINDING,<empty>,,
21474837118,BINDING,<empty>,,
21474837119,BINDING,<empty>,,
21474837120,BINDING,<empty>,,
21474837121,BINDING,<empty>,,
21474837122,BINDING,<empty>,,
21474837123,BINDING,<empty>,,
21474837124,BINDING,<empty>,,
21474837125,BINDING,<empty>,,
21474837126,BINDING,<empty>,,
21474837127,BINDING,<empty>,,
21474837128,BINDING,<empty>,,
21474837129,BINDING,<empty>,,
21474837130,BINDING,<empty>,,
21474837131,BINDING,<empty>,,
21474837132,BINDING,<empty>,,
21474837133,BINDING,<empty>,,
21474837134,BINDING,<empty>,,
21474837135,BINDING,<empty>,,
21474837136,BINDING,<empty>,,
21474837137,BINDING,<empty>,,
21474837138,BINDING,<empty>,,
21474837139,BINDING,<empty>,,
21474837140,BINDING,<empty>,,
21474837141,BINDING,<empty>,,
21474837142,BINDING,<empty>,,
21474837143,BINDING,<empty>,,
21474837144,BINDING,<empty>,,
21474837145,BINDING,<empty>,,
21474837146,BINDING,<empty>,,
21474837147,BINDING,<empty>,,
21474837148,BINDING,<empty>,,
21474837149,BINDING,<empty>,,
21474837150,BINDING,<empty>,,
21474837151,BINDING,<empty>,,
21474837152,BINDING,<empty>,,
21474837153,BINDING,<empty>,,
21474837154,BINDING,<empty>,,
21474837155,BINDING,<empty>,,
21474837156,BINDING,<empty>,,
21474837157,BINDING,<empty>,,
21474837158,BINDING,<empty>,,
21474837159,BINDING,<empty>,,
21474837160,BINDING,<empty>,,
21474837161,BINDING,<empty>,,
21474837162,BINDING,<empty>,,
21474837163,BINDING,<empty>,,
21474837164,BINDING,<empty>,,
21474837165,BINDING,<empty>,,
21474837166,BINDING,<empty>,,
21474837167,BINDING,<empty>,,
21474837168,BINDING,<empty>,,
21474837169,BINDING,<empty>,,
21474837170,BINDING,<empty>,,
21474837171,BINDING,<empty>,,
21474837172,BINDING,<empty>,,
21474837173,BINDING,<empty>,,
21474837174,BINDING,<empty>,,
21474837175,BINDING,<empty>,,
21474837176,BINDING,<empty>,,
21474837177,BINDING,<empty>,,
21474837178,BINDING,<empty>,,
21474837179,BINDING,<empty>,,
21474837180,BINDING,<empty>,,
21474837181,BINDING,<empty>,,
21474837182,BINDING,<empty>,,
21474837183,BINDING,<empty>,,
21474837184,BINDING,<empty>,,
21474837185,BINDING,<empty>,,
21474837186,BINDING,<empty>,,
21474837187,BINDING,<empty>,,
21474837188,BINDING,<empty>,,
21474837189,BINDING,<empty>,,
21474837190,BINDING,<empty>,,
21474837191,BINDING,<empty>,,
21474837192,BINDING,<empty>,,
21474837193,BINDING,<empty>,,
21474837194,BINDING,<empty>,,
21474837195,BINDING,<empty>,,
21474837196,BINDING,<empty>,,
21474837197,BINDING,<empty>,,
21474837198,BINDING,<empty>,,
21474837199,BINDING,<empty>,,
21474837200,BINDING,<empty>,,
21474837201,BINDING,<empty>,,
21474837202,BINDING,<empty>,,
21474837203,BINDING,<empty>,,
21474837204,BINDING,<empty>,,
21474837205,BINDING,<empty>,,
21474837206,BINDING,<empty>,,
21474837207,BINDING,<empty>,,
21474837208,BINDING,<empty>,,
21474837209,BINDING,<empty>,,
21474837210,BINDING,<empty>,,
21474837211,BINDING,<empty>,,
21474837212,BINDING,<empty>,,
21474837213,BINDING,<empty>,,
21474837214,BINDING,<empty>,,
21474837215,BINDING,<empty>,,
21474837216,BINDING,<empty>,,
21474837217,BINDING,<empty>,,
21474837218,BINDING,<empty>,,
21474837219,BINDING,<empty>,,
21474837220,BINDING,<empty>,,
21474837221,BINDING,<empty>,,
21474837222,BINDING,<empty>,,
21474837223,BINDING,<empty>,,
21474837224,BINDING,<empty>,,
21474837225,BINDING,<empty>,,
21474837226,BINDING,<empty>,,
21474837227,BINDING,<empty>,,
21474837228,BINDING,<empty>,,
21474837229,BINDING,<empty>,,
21474837230,BINDING,<empty>,,
21474837231,BINDING,<empty>,,
21474837232,BINDING,<empty>,,
21474837233,BINDING,<empty>,,
21474837234,BINDING,<empty>,,
21474837235,BINDING,<empty>,,
21474837236,BINDING,<empty>,,
21474837237,BINDING,<empty>,,
21474837238,BINDING,<empty>,,
21474837239,BINDING,<empty>,,
21474837240,BINDING,<empty>,,
21474837241,BINDING,<empty>,,
21474837242,BINDING,<empty>,,
21474837243,BINDING,<empty>,,
21474837244,BINDING,<empty>,,
21474837245,BINDING,<empty>,,
21474837246,BINDING,<empty>,,
21474837247,BINDING,<empty>,,
21474837248,BINDING,<empty>,,
21474837249,BINDING,<empty>,,
21474837250,BINDING,<empty>,,
21474837251,BINDING,<empty>,,
21474837252,BINDING,<empty>,,
21474837253,BINDING,<empty>,,
21474837254,BINDING,<empty>,,
21474837255,BINDING,<empty>,,
21474837256,BINDING,<empty>,,
21474837257,BINDING,<empty>,,
21474837258,BINDING,<empty>,,
21474837259,BINDING,<empty>,,
21474837260,BINDING,<empty>,,
21474837261,BINDING,<empty>,,
21474837262,BINDING,<empty>,,
21474837263,BINDING,<empty>,,
21474837264,BINDING,<empty>,,
21474837265,BINDING,<empty>,,
21474837266,BINDING,<empty>,,
21474837267,BINDING,<empty>,,
21474837268,BINDING,<empty>,,
21474837269,BINDING,<empty>,,
21474837270,BINDING,<empty>,,
21474837271,BINDING,<empty>,,
21474837272,BINDING,<empty>,,
21474837273,BINDING,<empty>,,
21474837274,BINDING,<empty>,,
21474837275,BINDING,<empty>,,
21474837276,BINDING,<empty>,,
21474837277,BINDING,<empty>,,
21474837278,BINDING,<empty>,,
21474837279,BINDING,<empty>,,
21474837280,BINDING,<empty>,,
21474837281,BINDING,<empty>,,
21474837282,BINDING,<empty>,,
21474837283,BINDING,<empty>,,
21474837284,BINDING,<empty>,,
21474837285,BINDING,<empty>,,
21474837286,BINDING,<empty>,,
21474837287,BINDING,<empty>,,
21474837288,BINDING,<empty>,,
21474837289,BINDING,<empty>,,
21474837290,BINDING,<empty>,,
21474837291,BINDING,<empty>,,
21474837292,BINDING,<empty>,,
21474837293,BINDING,<empty>,,
21474837294,BINDING,<empty>,,
21474837295,BINDING,<empty>,,
21474837296,BINDING,<empty>,,
21474837297,BINDING,<empty>,,
21474837298,BINDING,<empty>,,
21474837299,BINDING,<empty>,,
21474837300,BINDING,<empty>,,
21474837301,BINDING,<empty>,,
21474837302,BINDING,<empty>,,
21474837303,BINDING,<empty>,,
21474837304,BINDING,<empty>,,
21474837305,BINDING,<empty>,,
21474837306,BINDING,<empty>,,
21474837307,BINDING,<empty>,,
21474837308,BINDING,<empty>,,
21474837309,BINDING,<empty>,,
21474837310,BINDING,<empty>,,
21474837311,BINDING,<empty>,,
21474837312,BINDING,<empty>,,
21474837313,BINDING,<empty>,,
21474837314,BINDING,<empty>,,
21474837315,BINDING,<empty>,,
21474837316,BINDING,<empty>,,
21474837317,BINDING,<empty>,,
21474837318,BINDING,<empty>,,
21474837319,BINDING,<empty>,,
21474837320,BINDING,<empty>,,
21474837321,BINDING,<empty>,,
21474837322,BINDING,<empty>,,
21474837323,BINDING,<empty>,,
21474837324,BINDING,<empty>,,
21474837325,BINDING,<empty>,,
21474837326,BINDING,<empty>,,
21474837327,BINDING,<empty>,,
21474837328,BINDING,<empty>,,
21474837329,BINDING,<empty>,,
21474837330,BINDING,<empty>,,
21474837331,BINDING,<empty>,,
21474837332,BINDING,<empty>,,
21474837333,BINDING,<empty>,,
21474837334,BINDING,<empty>,,
21474837335,BINDING,<empty>,,
21474837336,BINDING,<empty>,,
21474837337,BINDING,<empty>,,
21474837338,BINDING,<empty>,,
21474837339,BINDING,<empty>,,
21474837340,BINDING,<empty>,,
21474837341,BINDING,<empty>,,
21474837342,BINDING,<empty>,,
21474837343,BINDING,<empty>,,
21474837344,BINDING,<empty>,,
21474837345,BINDING,<empty>,,
21474837346,BINDING,<empty>,,
21474837347,BINDING,<empty>,,
21474837348,BINDING,<empty>,,
21474837349,BINDING,<empty>,,
21474837350,BINDING,<empty>,,
21474837351,BINDING,<empty>,,
21474837352,BINDING,<empty>,,
21474837353,BINDING,<empty>,,
21474837354,BINDING,<empty>,,
21474837355,BINDING,<empty>,,
21474837356,BINDING,<empty>,,
21474837357,BINDING,<empty>,,
21474837358,BINDING,<empty>,,
21474837359,BINDING,<empty>,,
21474837360,BINDING,<empty>,,
21474837361,BINDING,<empty>,,
21474837362,BINDING,<empty>,,
21474837363,BINDING,<empty>,,
21474837364,BINDING,<empty>,,
21474837365,BINDING,<empty>,,
21474837366,BINDING,<empty>,,
21474837367,BINDING,<empty>,,
21474837368,BINDING,<empty>,,
21474837369,BINDING,<empty>,,
21474837370,BINDING,<empty>,,
21474837371,BINDING,<empty>,,
21474837372,BINDING,<empty>,,
21474837373,BINDING,<empty>,,
21474837374,BINDING,<empty>,,
21474837375,BINDING,<empty>,,
21474837376,BINDING,<empty>,,
21474837377,BINDING,<empty>,,
21474837378,BINDING,<empty>,,
21474837379,BINDING,<empty>,,
21474837380,BINDING,<empty>,,
21474837381,BINDING,<empty>,,
21474837382,BINDING,<empty>,,
21474837383,BINDING,<empty>,,
21474837384,BINDING,<empty>,,
21474837385,BINDING,<empty>,,
21474837386,BINDING,<empty>,,
21474837387,BINDING,<empty>,,
21474837388,BINDING,<empty>,,
21474837389,BINDING,<empty>,,
21474837390,BINDING,<empty>,,
21474837391,BINDING,<empty>,,
21474837392,BINDING,<empty>,,
21474837393,BINDING,<empty>,,
21474837394,BINDING,<empty>,,
21474837395,BINDING,<empty>,,
21474837396,BINDING,<empty>,,
21474837397,BINDING,<empty>,,
21474837398,BINDING,<empty>,,
21474837399,BINDING,<empty>,,
21474837400,BINDING,<empty>,,
21474837401,BINDING,<empty>,,
21474837402,BINDING,<empty>,,
21474837403,BINDING,<empty>,,
21474837404,BINDING,<empty>,,
21474837405,BINDING,<empty>,,
21474837406,BINDING,<empty>,,
21474837407,BINDING,<empty>,,
21474837408,BINDING,<empty>,,
21474837409,BINDING,<empty>,,
21474837410,BINDING,<empty>,,
21474837411,BINDING,<empty>,,
21474837412,BINDING,<empty>,,
21474837413,BINDING,<empty>,,
21474837414,BINDING,<empty>,,
21474837415,BINDING,<empty>,,
21474837416,BINDING,<empty>,,
21474837417,BINDING,<empty>,,
21474837418,BINDING,<empty>,,
21474837419,BINDING,<empty>,,
21474837420,BINDING,<empty>,,
21474837421,BINDING,<empty>,,
21474837422,BINDING,<empty>,,
21474837423,BINDING,<empty>,,
21474837424,BINDING,<empty>,,
21474837425,BINDING,<empty>,,
21474837426,BINDING,<empty>,,
21474837427,BINDING,<empty>,,
21474837428,BINDING,<empty>,,
21474837429,BINDING,<empty>,,
21474837430,BINDING,<empty>,,
21474837431,BINDING,<empty>,,
21474837432,BINDING,<empty>,,
21474837433,BINDING,<empty>,,
21474837434,BINDING,<empty>,,
21474837435,BINDING,<empty>,,
21474837436,BINDING,<empty>,,
21474837437,BINDING,<empty>,,
21474837438,BINDING,<empty>,,
21474837439,BINDING,<empty>,,
21474837440,BINDING,<empty>,,
21474837441,BINDING,<empty>,,
21474837442,BINDING,<empty>,,
21474837443,BINDING,<empty>,,
21474837444,BINDING,<empty>,,
21474837445,BINDING,<empty>,,
21474837446,BINDING,<empty>,,
21474837447,BINDING,<empty>,,
21474837448,BINDING,<empty>,,
21474837449,BINDING,<empty>,,
21474837450,BINDING,<empty>,,
21474837451,BINDING,<empty>,,
21474837452,BINDING,<empty>,,
21474837453,BINDING,<empty>,,
21474837454,BINDING,<empty>,,
21474837455,BINDING,<empty>,,
21474837456,BINDING,<empty>,,
21474837457,BINDING,<empty>,,
21474837458,BINDING,<empty>,,
21474837459,BINDING,<empty>,,
21474837460,BINDING,<empty>,,
21474837461,BINDING,<empty>,,
21474837462,BINDING,<empty>,,
21474837463,BINDING,<empty>,,
21474837464,BINDING,<empty>,,
21474837465,BINDING,<empty>,,
21474837466,BINDING,<empty>,,
21474837467,BINDING,<empty>,,
21474837468,BINDING,<empty>,,
21474837469,BINDING,<empty>,,
21474837470,BINDING,<empty>,,
21474837471,BINDING,<empty>,,
21474837472,BINDING,<empty>,,
21474837473,BINDING,<empty>,,
21474837474,BINDING,<empty>,,
21474837475,BINDING,<empty>,,
21474837476,BINDING,<empty>,,
21474837477,BINDING,<empty>,,
21474837478,BINDING,<empty>,,
